"rank","score","tier","category","paid_app","paid_price_usd_yr","oss_alt","license","docker_image","containers","min_ram_gb","external_deps","offline_lan","ux_note","popularity","savings","simplicity","offline","ux","sources"
"1","92.5","MVP candidate","Creative & media","Spotify Premium","155.88","Navidrome","GPL-3.0","deluan/navidrome","1","0.5","none","y","Streams YOUR OWN music files only; no catalog. Subsonic apps for phones.","5","5","5","5","3","https://www.spotify.com/us/premium/ https://github.com/navidrome/navidrome https://hub.docker.com/r/deluan/navidrome"
"2","88.8","MVP candidate","Productivity & office","Dropbox","119.88","Syncthing","MPL-2.0","syncthing/syncthing","1","0.5","none","y","Folder sync between devices, no web file browser or sharing links","5","4","5","5","3","https://www.dropbox.com/plans https://github.com/syncthing/syncthing"
"3","87.5","MVP candidate","Creative & media","Audible","95.4","Audiobookshelf","GPL-3.0","ghcr.io/advplyr/audiobookshelf","1","0.5","none","y","Server for YOUR OWN audiobook files; progress sync, mobile app. No store.","4","4","5","5","4","https://www.dealnews.com/features/audible/cost/ https://www.audible.com/ep/memberships https://github.com/advplyr/audiobookshelf https://hub.docker.com/r/advplyr/audiobookshelf"
"4","83.7","MVP candidate","Productivity & office","Adobe Acrobat Pro","155.88","Stirling-PDF","MIT (core)","stirlingtools/stirling-pdf","1","2","none","y","Merge, split, compress, OCR, sign PDFs in browser; no full text editing","4","5","4","5","4","https://www.adobe.com/acrobat/pricing.html https://github.com/Stirling-Tools/Stirling-PDF"
"5","83.7","MVP candidate","Creative & media","Adobe Photoshop","275.88","miniPaint","MIT","pfav/minipaint","1","0.5","none","y","Static web app (community image); layers and filters only, no pro features.","4","5","5","5","2","https://www.adobe.com/creativecloud/plans.html https://josephnilo.com/blog/adobe-creative-cloud-price-explained/ https://github.com/viliusle/miniPaint https://hub.docker.com/r/pfav/minipaint"
"6","83.7","MVP candidate","Home, finance & family","Backblaze Personal Backup","99","Duplicati","LGPL-2.1","duplicati/duplicati","1","0.5","Backup destination such as external drive","y","Scheduled encrypted backups to USB or NAS; offsite backup needs storage account; restore UI okay.","4","4","5","5","3","https://www.cloudwards.net/backblaze-pricing/ https://github.com/duplicati/duplicati"
"7","83.7","MVP candidate","Creative & media","Plex Pass","69.99","Jellyfin","GPL-2.0","jellyfin/jellyfin","1","1","none","y","Own movies/TV/music library; no Plex remote or Pass lock-in. Polished apps, easy.","4","3","5","5","4","https://www.plex.tv/plex-pass/ https://9to5mac.com/2026/05/19/plex-increasing-lifetime-plex-pass-cost-to-whopping-750/ https://github.com/jellyfin/jellyfin https://hub.docker.com/r/jellyfin/jellyfin"
"8","83.7","MVP candidate","Productivity & office","Todoist","60","Vikunja","AGPL-3.0","vikunja/vikunja","1","0.25","none","y","Clean to-do lists, projects, reminders; SQLite built in","4","3","5","5","4","https://todoist.com/help/articles/todoist-pro-pricing-update-in-2025 https://github.com/go-vikunja/vikunja"
"9","82.5","MVP candidate","Creative & media","Kindle Unlimited","143.88","Kavita","GPL-3.0","jvmilazz0/kavita","1","1","none","y","Reader server for YOUR OWN ebooks/comics/PDFs; no book catalog included.","3","4","5","5","4","https://subger.com/en/service/kindle-unlimited https://github.com/Kareadita/Kavita https://hub.docker.com/r/jvmilazz0/kavita"
"10","82.5","MVP candidate","Home, finance & family","YNAB","109","Actual Budget","MIT","actualbudget/actual-server","1","0.5","none (bank sync needs GoCardless/SimpleFIN)","y","Envelope budgeting near-parity; automatic bank sync needs internet service, manual CSV import works offline.","4","4","5","4","4","https://getfinny.app/blog/ynab-pricing-2026 https://www.ynab.com/pricing https://github.com/actualbudget/actual"
"11","81.2","Backlog","Productivity & office","Grammarly","144","LanguageTool","LGPL-2.1","erikvl87/languagetool","1","2","none","y","Grammar and spell check via browser extension; weaker style suggestions","5","4","4","5","3","https://www.grammarly.com/plans https://github.com/languagetool-org/languagetool"
"12","81.2","Backlog","Home, finance & family","Sortly","468","Homebox","AGPL-3.0","ghcr.io/sysadminsmedia/homebox","1","0.25","none","y","Home inventory with labels, QR codes and photos; very light, easy to use.","2","5","5","5","4","https://help.sortly.com/hc/en-us/articles/31329803827867-Current-Sortly-Plans https://github.com/sysadminsmedia/homebox"
"13","81.2","Backlog","Creative & media","iCloud+ (Photos)","35.88","Photoview","AGPL-3.0","viktorstrate/photoview","1","1","none (SQLite)","y","View-only gallery of folders; no phone auto-upload. Pair with Syncthing or Immich for backup.","5","2","5","5","3","https://support.apple.com/en-us/HT5879 https://github.com/photoview/photoview https://hub.docker.com/r/viktorstrate/photoview"
"14","80.0","Backlog","Productivity & office","Trello","60","Planka","AGPL-3.0","ghcr.io/plankanban/planka","2","1","none","y","Near-identical kanban boards, smooth drag and drop","4","3","4","5","5","https://www.atlassian.com/blog/trello/revamped-pricing-and-power-up-news https://github.com/plankanban/planka https://github.com/plankanban/planka/blob/master/docker-compose.yml"
"15","78.8","Backlog","Productivity & office","1Password","47.88","Vaultwarden","AGPL-3.0","vaultwarden/server","1","0.1","HTTPS certificate (browser crypto needs secure context)","y","Bitwarden-compatible apps; web vault needs HTTPS, extra LAN setup","4","3","5","4","4","https://9to5mac.com/2026/02/24/1password-announces-big-price-increases-coming-next-month/ https://github.com/dani-garcia/vaultwarden"
"16","78.8","Backlog","Creative & media","Adobe Illustrator","275.88","SVG-Edit","MIT","nginx (static files)","1","0.5","none","y","Basic vector editor, static web app; far simpler than Illustrator.","3","5","5","5","2","https://www.adobe.com/creativecloud/plans.html https://josephnilo.com/blog/adobe-creative-cloud-price-explained/ https://github.com/SVG-Edit/svgedit"
"17","78.8","Backlog","Productivity & office","Airtable","240","Baserow","MIT (core)","baserow/baserow","1","2","none","y","Spreadsheet-database hybrid; all-in-one image, close to Airtable","3","5","4","5","4","https://airtable.com/pricing https://github.com/baserow/baserow"
"18","78.8","Backlog","Home, finance & family","Carbonite","95.99","UrBackup","AGPL-3.0","uroni/urbackup-server","1","1","Client installed on each PC; backup storage disk","y","Backs up family Windows PCs to laptop disk; no offsite copy, minimal polish.","3","4","5","5","3","https://www.tomsguide.com/reviews/carbonite-safe https://github.com/uroni/urbackup_backend"
"19","78.8","Backlog","Productivity & office","Evernote","129.99","Trilium Notes","AGPL-3.0","triliumnext/trilium","1","0.5","none","y","Powerful hierarchical notes; less polished, steeper learning curve","3","4","5","5","3","https://evernote.com/compare-plans https://github.com/TriliumNext/Trilium"
"20","78.8","Backlog","Productivity & office","Miro","96","Excalidraw","MIT","excalidraw/excalidraw","1","0.25","none","y","Simple whiteboard; live collaboration needs separate room server","3","4","5","5","3","https://miro.com/pricing https://github.com/excalidraw/excalidraw"
"21","77.5","Backlog","Creative & media","Adobe Audition","275.88","AudioMass","MIT","nginx (static files)","1","0.5","none","y","Browser audio editor, static app; basic cut, effects, export. No multitrack.","2","5","5","5","3","https://www.adobe.com/creativecloud/plans.html https://josephnilo.com/blog/adobe-creative-cloud-price-explained/ https://github.com/pkalogiros/AudioMass https://hub.docker.com/r/azrikahar/audiomass"
"22","77.5","Backlog","Productivity & office","Notion","120","AFFiNE","MIT (core)","ghcr.io/toeverything/affine","3","2","none","y","Notion-like docs and whiteboards; needs Postgres and Redis","5","4","3","5","4","https://www.notion.com/pricing https://github.com/toeverything/AFFiNE"
"23","77.5","Backlog","Communication & business","Slack Pro","87","Mattermost Team Edition","MIT/AGPL (Team Edition)","mattermost/mattermost-team-edition","2","2","none","y","Slack-like channels and threads; polished, free tier has some limits.","5","4","3","5","4","https://slack.com/pricing https://github.com/mattermost/mattermost"
"24","75.0","Backlog","Creative & media","Amazon Photos","19.99","Lychee","MIT","lycheeorg/lychee","1","1","none (SQLite)","y","Clean album gallery with uploads; no face recognition. 100GB storage plan priced, Prime bundle excluded.","3","2","5","5","4","https://www.amazon.com/amzn-drive/storage-plans https://github.com/LycheeOrg/Lychee https://hub.docker.com/r/lycheeorg/lychee"
"25","75.0","Backlog","Productivity & office","Day One","49.99","Memos","MIT","neosmemo/memos","1","0.25","none","y","Day One Silver price. Quick private timeline notes; not a true journal, no prompts","3","3","5","5","3","https://dayoneapp.com/guides/premium-subscription/day-one-pricing-features-guide/ https://github.com/usememos/memos"
"26","75.0","Backlog","Productivity & office","Monday.com","108","Kanboard","MIT","kanboard/kanboard","1","0.25","none","y","Simple dated kanban boards; dated look, no fancy views","3","4","5","5","2","https://monday.com/pricing https://github.com/kanboard/kanboard"
"27","75.0","Backlog","Creative & media","Pixlr Premium","77.88","miniPaint","MIT","pfav/minipaint","1","0.5","none","y","Browser photo editor, static app; simple filters and layers. Same app as Photoshop row.","3","3","5","5","3","https://pricingsaas.com/companies/pixlr https://github.com/viliusle/miniPaint https://hub.docker.com/r/pfav/minipaint"
"28","75.0","Backlog","Home, finance & family","Qustodio","59.95","AdGuard Home","GPL-3.0","adguard/adguardhome","1","0.25","Router DNS change; port 53 on host","y","DNS content filtering per device; no screen-time limits or app monitoring, only on home network.","3","3","5","5","3","https://www.qustodio.com/premium https://github.com/AdguardTeam/AdGuardHome"
"29","75.0","Backlog","Creative & media","SoundCloud Go+","131.88","Koel","MIT","phanan/koel","2","1","none (database container)","y","Streams YOUR OWN music; no SoundCloud catalog or discovery. Clean web player.","3","4","4","5","4","https://subger.com/en/service/soundcloud https://github.com/koel/koel https://hub.docker.com/r/phanan/koel"
"30","73.8","Backlog","Creative & media","Marvel Unlimited","69","Komga","MIT","gotson/komga","1","1","none","y","Comic server for YOUR OWN comic files (CBZ/PDF); no Marvel library included.","2","3","5","5","4","https://www.comicbookherald.com/marvel-unlimited-review/ https://github.com/gotson/komga https://hub.docker.com/r/gotson/komga"
"31","72.5","Backlog","Home, finance & family","Amazon Alexa+","139","Home Assistant","Apache-2.0","ghcr.io/home-assistant/home-assistant","1","2","Smart devices; voice needs separate Whisper/Piper containers and mic hardware","y","Prime price shown. Smart-home control strong; voice assistant is DIY, weak. Add-ons unavailable in Docker.","5","4","4","4","2","https://9meters.com/technology/shopping/the-139-annual-price-for-amazon-prime-membership-suddenly-looks-a-lot-more-affordable-with-alexa-plus-included https://github.com/home-assistant/core"
"32","72.5","Backlog","Home, finance & family","Cozi Gold","39","Radicale","GPL-3.0","ghcr.io/kozea/radicale","1","0.25","none","y","CalDAV calendar only; no family organizer UI, needs phone calendar apps configured.","4","2","5","5","2","https://www.apppricinglab.com/iap/apple/407108860 https://github.com/Kozea/Radicale"
"33","72.5","Backlog","Home, finance & family","Plan to Eat","49","Mealie","AGPL-3.0","ghcr.io/mealie-recipes/mealie","1","1","none (URL recipe import needs internet)","y","Polished recipe manager, meal planner and shopping list; very close to paid app.","2","3","5","4","5","https://learn.plantoeat.com/help/how-much-does-plan-to-eat-cost https://github.com/mealie-recipes/mealie"
"34","72.5","Backlog","Communication & business","Toggl Track","108","Kimai","AGPL-3.0","kimai/kimai2","2","0.5","none","y","Time tracking and invoicing; clear UI, no mobile-polished timer like Toggl.","4","4","3","5","4","https://toggl.com/pricing https://github.com/kimai/kimai"
"35","71.2","Backlog","Creative & media","Adobe Lightroom","149.99","PhotoPrism","AGPL-3.0","photoprism/photoprism","1","2","none (SQLite default)","y","Photo library and browsing; RAW and edit tools basic versus Lightroom.","3","4","4","5","3","https://helpx.adobe.com/au/lightroom/desktop/kb/lightroom-1tb-plan-faq.html https://github.com/photoprism/photoprism https://hub.docker.com/r/photoprism/photoprism https://docs.photoprism.app/getting-started/docker-compose/"
"36","71.2","Backlog","Productivity & office","Asana","131.88","Leantime","AGPL-3.0","leantime/leantime","2","1","none","y","Task and project management; plainer than Asana, more features than needed","3","4","4","5","3","https://asana.com/pricing https://github.com/Leantime/leantime"
"37","71.2","Backlog","Communication & business","FreshBooks","276","InvoiceShelf","AGPL-3.0","invoiceshelf/invoiceshelf","2","0.5","SMTP to email invoices (optional)","y","Clean invoicing and estimates; no time-tracking or bank feeds like FreshBooks.","4","5","3","4","4","https://www.freshbooks.com/pricing https://github.com/InvoiceShelf/InvoiceShelf"
"38","70.0","Backlog","Home, finance & family","BusyKid","48","Donetick","AGPL-3.0","donetick/donetick","1","0.25","none","y","SWAPPED from Bark. Family chore rotation and reminders; no real-money allowance payouts or debit card.","2","3","5","5","3","https://www.scarymommy.com/busykid-allowance-app/ https://github.com/donetick/donetick"
"39","70.0","Backlog","Home, finance & family","Circle Home Plus","99","Pi-hole","EUPL-1.2","pihole/pihole","1","0.25","Router DNS change; port 53 on host","y","Network-wide ad and content blocking with groups; no schedules or time limits like Circle.","2","4","5","5","2","https://subger.com/en/service/circle-parental https://github.com/pi-hole/pi-hole"
"40","70.0","Backlog","Productivity & office","Google One (Drive storage)","19.99","Nextcloud","AGPL-3.0","nextcloud","2","2","none","y","Drive-like files, photos, mobile sync; setup moderately fiddly","5","2","3","5","4","https://one.google.com/about/plans https://github.com/nextcloud/docker"
"41","70.0","Backlog","Productivity & office","LastPass","24","Vaultwarden","AGPL-3.0","vaultwarden/server","1","0.1","HTTPS certificate (browser crypto needs secure context)","y","Bitwarden apps and extensions; HTTPS needed, import from LastPass supported","3","2","5","4","4","https://blog.lastpass.com/posts/change-lastpass-premium https://github.com/dani-garcia/vaultwarden"
"42","70.0","Later: complex","Productivity & office","Microsoft 365","99.99","ONLYOFFICE Docs + Nextcloud","AGPL-3.0","onlyoffice/documentserver","3","4","none","y","Word/Excel-like editing; heavy RAM; needs Nextcloud for file storage","5","4","2","5","4","https://www.microsoft.com/microsoft-365/personal https://github.com/ONLYOFFICE/DocumentServer"
"43","70.0","Later: complex","Communication & business","QuickBooks Online","456","Bigcapital","AGPL-3.0","bigcapitalhq/webapp","5","4","none","y","Real double-entry accounting, true OSS; multi-container stack, no bank feeds, newer and rougher.","5","5","2","5","3","https://quickbooks.intuit.com/pricing/ https://github.com/bigcapitalhq/bigcapital"
"44","70.0","Backlog","Productivity & office","Smallpdf","48","BentoPDF","AGPL-3.0 (dual, commercial option)","ghcr.io/alam00000/bentopdf-simple","1","0.25","none (WASM libs from CDN by default; air-gapped fallback configurable)","y","Browser-side PDF tools, very light; WASM libs may need offline config","3","3","5","4","3","https://smallpdf.com/blog/smallpdf-free-vs-pro-plan-comparison https://github.com/alam00000/bentopdf"
"45","70.0","Backlog","Productivity & office","SurveyMonkey","384","LimeSurvey","GPL-2.0","crramirez/limesurvey","2","1","SMTP (optional); public URL for outside respondents","y","Full-featured surveys; admin UI dated and busy","4","5","4","3","3","https://www.surveymonkey.com/pricing/individual/ https://github.com/LimeSurvey/LimeSurvey"
"46","68.8","Backlog","Communication & business","HubSpot Starter","84","EspoCRM","AGPL-3.0","espocrm/espocrm","3","1","SMTP/IMAP for email (optional)","y","Contacts, deals, tasks; dated look, no marketing automation polish.","4","4","3","5","3","https://www.hubspot.com/pricing/crm https://github.com/espocrm/espocrm"
"47","68.8","Later: complex","Communication & business","Salesforce Starter","300","Twenty CRM","AGPL-3.0","twentycrm/twenty","4","2","none (email sync optional)","y","Modern Notion-like CRM, very polished; still young, fewer integrations.","4","5","2","5","4","https://www.salesforce.com/crm/pricing/ https://github.com/twentyhq/twenty"
"48","68.8","Phase 2: public access","Communication & business","Wix","204","Grav CMS","MIT","linuxserver/grav","1","0.5","public URL","n","Flat-file site, no database; docker image unverified; not drag-and-drop like Wix.","5","5","5","1","2","https://www.wix.com/plans https://github.com/getgrav/grav"
"49","67.5","Backlog","Communication & business","Acuity Scheduling","192","Easy!Appointments","GPL-3.0","alextselegidis/easyappointments","2","1","none (SMTP for email reminders optional)","y","SWAPPED from Hotjar (Calendly is duplicate). Simple booking pages; plain look, image name unverified.","4","5","3","4","3","https://www.acuityscheduling.com/pricing https://github.com/alextselegidis/easyappointments"
"50","67.5","Backlog","Home, finance & family","Ancestry","229","Gramps Web","AGPL-3.0","ghcr.io/gramps-project/grampsweb","3","2","none (record hints and DNA unavailable)","y","Family tree builder only; no record databases, hints or DNA matching; manual data entry.","4","5","3","4","3","https://tsgspaddlewheel.com/tsgs/kassidys-corner/ancestry-com-review/ https://github.com/gramps-project/gramps-web"
"51","67.5","Backlog","Home, finance & family","AnyList","14.99","Grocy","MIT","linuxserver/grocy","1","0.5","none","y","Shopping lists plus pantry stock; utilitarian interface, no phone-app polish or store-aisle sorting.","3","2","5","5","2","https://www.anylist.com/premium https://github.com/grocy/grocy"
"52","67.5","Backlog","Home, finance & family","Arlo Secure","89.99","ZoneMinder","GPL-2.0","ghcr.io/zoneminder-containers/zoneminder-base","2","2","RTSP/ONVIF IP cameras (Arlo cloud cameras not supported)","y","Classic NVR, dated UI; Arlo cloud cameras unsupported, need RTSP cameras. Price is one camera ($149.99 unlimited).","3","4","4","5","2","https://www.thepricer.org/how-much-does-arlo-subscription-cost/ https://github.com/ZoneMinder/zoneminder"
"53","66.2","Backlog","Creative & media","Adobe Stock","359.88","ResourceSpace","BSD-style (OSS)","suntorytimed/resourcespace","2","2","MariaDB container","y","Asset library for YOUR OWN images; provides no stock content. Community Docker image only.","2","5","4","5","2","https://www.lapseoftheshutter.com/adobe-stock-pricing/ https://github.com/resourcespace/resourcespace https://hub.docker.com/r/suntorytimed/resourcespace"
"54","66.2","Later: complex","Creative & media","Canva Pro","144","Penpot","MPL-2.0","penpotapp/frontend","6","4","none","y","Design-tool alternative; few templates, no stock library; heavy 6-container stack.","5","4","2","5","3","https://www.canva.com/pricing/ https://github.com/penpot/penpot https://raw.githubusercontent.com/penpot/penpot/develop/docker/images/docker-compose.yaml https://hub.docker.com/r/penpotapp/frontend"
"55","66.2","Backlog","Communication & business","Doodle Premium","83","Rallly","AGPL-3.0","lukevella/rallly","2","0.5","SMTP for email notices (optional)","y","Meeting polls nearly identical to Doodle; share link over LAN works.","3","4","3","4","5","https://doodle.com/en/pricing/ https://github.com/lukevella/rallly"
"56","66.2","Backlog","Creative & media","Flickr Pro","82","Piwigo","GPL-2.0","lscr.io/linuxserver/piwigo","2","1","none (MariaDB container)","y","Photo-sharing gallery with albums and tags; dated look, plugin setup needed.","2","4","4","5","3","https://www.toolsurf.com/flickr-pricing-2026/ https://github.com/Piwigo/Piwigo https://hub.docker.com/r/linuxserver/piwigo"
"57","66.2","Later: complex","Creative & media","Google Photos","19.99","Immich","AGPL-3.0","ghcr.io/immich-app/immich-server","4","4","none","y","Near-parity phone backup and face search; ML container heavy on old laptop.","5","2","2","5","5","https://blog.internxt.com/google-one-pricing/ https://github.com/immich-app/immich https://github.com/immich-app/immich/releases/latest/download/docker-compose.yml"
"58","66.2","Phase 2: public access","Home, finance & family","Life360","49.99","OwnTracks Recorder","GPL-2.0","owntracks/recorder","1","0.25","Phones must reach server (LAN wifi or public URL)","n","Location sharing only works at home on LAN; no crash detection or family circle UX.","5","3","5","2","2","https://www.life360.com/ca/plans-pricing/ https://github.com/owntracks/recorder"
"59","66.2","Backlog","Home, finance & family","Neat","200","Paperless-ngx","GPL-3.0","ghcr.io/paperless-ngx/paperless-ngx","2","1.5","Redis broker; scanner or phone upload","y","Scan, OCR and search receipts and documents; excellent; price is low confidence estimate.","2","5","3","5","4","https://zoftwarehub.com/products/neat/pricing https://github.com/paperless-ngx/paperless-ngx"
"60","65.0","Backlog","Productivity & office","DocuSign","120","Documenso","AGPL-3.0","documenso/documenso","2","1","SMTP (to email signers)","y","Sign and send documents; signing by email needs SMTP, LAN-only signers work","3","4","4","3","4","https://www.docusign.com/products-and-pricing/esignature https://github.com/documenso/documenso"
"61","65.0","Backlog","Communication & business","Microsoft Teams Essentials","48","Rocket.Chat","MIT","rocketchat/rocket.chat","2","2","none (video calls need Jitsi)","y","Team chat fine; built-in meetings need a separate Jitsi, so weaker than Teams.","4","3","3","5","3","https://www.microsoft.com/en-us/microsoft-teams/essentials https://github.com/RocketChat/Rocket.Chat"
"62","65.0","Backlog","Creative & media","Pocket Casts Plus","39.99","Audiobookshelf","GPL-3.0","ghcr.io/advplyr/audiobookshelf","1","0.5","none","n","Podcast subscribing and downloads; fetching new episodes needs internet, saved ones play on LAN.","3","3","5","3","3","https://subger.com/en/service/pocket-casts https://github.com/advplyr/audiobookshelf"
"63","65.0","Backlog","Home, finance & family","Splitwise Pro","39.99","Spliit","MIT","ghcr.io/spliit-app/spliit","2","1","none","y","Clean group expense splitting; no accounts or app, share links over LAN only.","4","2","3","5","4","https://getfinny.app/blog/splitwise-pricing-2026 https://github.com/spliit-app/spliit"
"64","63.8","Backlog","Creative & media","Kapwing","192","Omniclip","MIT","nginx (static files)","1","0.5","none","y","Browser video editor, static app; needs HTTPS for WebCodecs so plain http LAN may fail.","2","5","5","3","2","https://www.kapwing.com/pricing https://github.com/omni-media/omniclip"
"65","63.7","Later: complex","Creative & media","Figma","192","Penpot","MPL-2.0","penpotapp/frontend","6","4","none","y","Closest open Figma-like; SVG-native, real-time collaboration. Same stack as Canva row.","3","5","2","5","4","https://www.figma.com/pricing/ https://github.com/penpot/penpot https://raw.githubusercontent.com/penpot/penpot/develop/docker/images/docker-compose.yaml"
"66","63.7","Backlog","Productivity & office","Instapaper Premium","59.99","Readeck","AGPL-3.0","codeberg.org/readeck/readeck","1","0.25","internet to fetch articles to save","y","Read-later with clean reader view; saving new pages needs internet","2","3","5","3","4","https://9to5mac.com/2023/12/05/instapaper-price-increase-new-features/ https://codeberg.org/readeck/readeck"
"67","63.7","Later: complex","Communication & business","Zoom Pro","160","Jitsi Meet","Apache-2.0","jitsi/web (docker-jitsi-meet)","4","4","HTTPS cert for camera/mic; TURN for tricky networks","y","Video calls work well, but browsers need HTTPS, so http://laptop.local blocks camera.","5","5","2","3","4","https://www.zoom.com/en/products/collaboration-tools/zoom-workplace-pro-annual https://github.com/jitsi/docker-jitsi-meet"
"68","62.5","Backlog","Home, finance & family","IFTTT Pro","35.88","Node-RED","Apache-2.0","nodered/node-red","1","0.5","Cloud services still need internet","y","Visual automation flows; powerful but technical; local device flows work offline.","3","2","5","4","2","https://automationatlas.io/answers/ifttt-pricing-explained-2026/ https://github.com/node-red/node-red"
"69","62.5","Backlog","Communication & business","Jotform","408","HeyForm","AGPL-3.0","heyform/community-edition","3","2","none (public URL for outside respondents)","y","Pretty conversational forms; far fewer templates and integrations than Jotform.","4","5","3","3","3","https://www.jotform.com/pricing/ https://github.com/heyform/heyform"
"70","62.5","Phase 2: public access","Communication & business","Linktree Pro","144","LinkStack","AGPL-3.0","linkstackorg/linkstack","1","0.5","public URL","n","Link-in-bio pages with editor; near Linktree, but only useful when shared publicly.","3","4","5","1","4","https://linktr.ee/s/pricing/ https://github.com/LinkStackOrg/LinkStack"
"71","62.5","Backlog","Creative & media","Remove.bg","108","rembg","MIT","danielgatis/rembg","1","2","model download on first run","y","Background removal web page; upload one image at a time. Quality good, UI plain.","3","4","4","4","2","https://www.costbench.com/software/ai-design-tools/remove-bg/ https://github.com/danielgatis/rembg https://hub.docker.com/r/danielgatis/rembg"
"72","61.3","Later: complex","Home, finance & family","Google Nest Aware","100","Frigate","MIT","ghcr.io/blakeblackshear/frigate","1","4","RTSP IP cameras; Coral TPU or GPU recommended","y","Local AI object detection NVR; Windows/WSL passthrough of Coral or GPU is difficult; needs RTSP cameras.","4","4","2","5","3","https://homecamcafe.com/subscribe-nest-aware-service https://docs.frigate.video/frigate/installation https://github.com/blakeblackshear/frigate"
"73","61.3","Later: complex","Communication & business","Xero","324","Bigcapital","AGPL-3.0","bigcapitalhq/webapp","5","4","SMTP optional","y","Real double-entry accounting; multi-container stack, no bank feeds, newer and rougher.","4","4","2","5","3","https://www.xero.com/us/pricing-plans/ https://github.com/bigcapitalhq/bigcapital"
"74","60.0","Backlog","Home, finance & family","Tiller Money","99","Grist","Apache-2.0","gristlabs/grist","1","1","none (no bank feeds)","y","Self-hosted spreadsheet-database; no automatic bank feeds, so manual or CSV entry.","1","4","5","4","2","https://community.tiller.com/t/update-to-tillers-annual-price-starting-in-august-2026/34853 https://github.com/gristlabs/grist-core"
"75","58.8","Backlog","Creative & media","Descript","192","Whishper","AGPL-3.0","pluja/whishper","3","4","none (model download once)","y","Transcribe and edit text of audio/video; not full Descript editing. Slow on old CPU.","2","5","3","5","2","https://sonix.ai/resources/descript-pricing/ https://github.com/pluja/whishper https://raw.githubusercontent.com/pluja/whishper/main/docker-compose.yml"
"76","58.8","Phase 2: public access","Home, finance & family","Ring Protect","49.99","Home Assistant","Apache-2.0","ghcr.io/home-assistant/home-assistant","1","2","Ring cloud account for Ring devices","n","Ring integration needs Ring cloud; local alarm dashboard and automations; no add-ons in Docker.","5","3","4","2","2","https://www.techhive.com/article/2231297/rings-protect-basic-plan-gets-another-price-hike.html https://github.com/home-assistant/core"
"77","58.7","Backlog","Productivity & office","Otter.ai","99.96","Scriberr","MIT","ghcr.io/rishikanthc/scriberr","1","4","none","y","Local Whisper transcription; slow on old CPU, no live meeting bot","2","4","3","5","3","https://otter.ai/pricing https://github.com/rishikanthc/Scriberr"
"78","57.5","Phase 2: public access","Communication & business","Mailchimp","226","Listmonk","AGPL-3.0","listmonk/listmonk","2","0.5","SMTP server; public URL for tracking","n","Fast newsletter manager; no drag-drop designer polish, needs SMTP to send anything.","5","5","3","1","3","https://mailchimp.com/pricing/marketing/ https://github.com/knadh/listmonk"
"79","57.5","Phase 2: public access","Communication & business","Shopify","348","PrestaShop","OSL-3.0","prestashop/prestashop","2","2","public URL; payment gateway; SMTP","n","Full storefront, but setup and admin are heavy compared with Shopify.","5","5","3","1","3","https://www.shopify.com/pricing https://github.com/PrestaShop/PrestaShop"
"80","57.5","Phase 2: public access","Communication & business","Squarespace","192","WordPress","GPL-2.0","wordpress","2","1","public URL; SMTP optional","n","Huge themes ecosystem, but editing is less guided than Squarespace; needs public URL.","5","5","3","1","3","https://www.squarespace.com/pricing https://hub.docker.com/_/wordpress"
"81","57.5","Phase 2: public access","Communication & business","Zendesk","228","FreeScout","AGPL-3.0","tiredofit/freescout","2","1","SMTP/IMAP mailbox","n","Shared inbox and tickets; works like Help Scout, needs email to be useful.","4","5","3","2","3","https://www.zendesk.com/pricing/ https://github.com/freescout-help-desk/freescout"
"82","55.0","Backlog","Home, finance & family","Strava","79.99","Endurain","AGPL-3.0","ghcr.io/endurain-project/endurain","2","1","Map tiles need internet","y","Activity log with Strava/Garmin import; maps need internet; no segments, social features are minimal.","4","3","3","3","3","https://www.thepricer.org/how-much-does-strava-cost/ https://github.com/joaovitoriasilva/endurain"
"83","53.8","Later: complex","Creative & media","Midjourney","96","InvokeAI","Apache-2.0","ghcr.io/invoke-ai/invokeai","1","8","model download (GBs); GPU strongly advised","y","Local image generation; old laptop CPU very slow, needs GPU. Polished UI.","4","4","1","5","3","https://diyai.io/ai-tools/midjourney-pricing/ https://github.com/invoke-ai/InvokeAI https://invoke-ai.github.io/InvokeAI/installation/docker/"
"84","53.8","Phase 2: public access","Home, finance & family","NordVPN","68.85","wg-easy","AGPL-3.0","ghcr.io/wg-easy/wg-easy","1","0.25","Public IP, router port forward; UDP on WSL2 tricky","n","Home-access VPN only; gives no geo-unblocking or privacy-provider exits; WSL2 networking is hard.","5","3","4","1","2","https://nordvpn.com/blog/how-much-does-nordvpn-cost/ https://github.com/wg-easy/wg-easy"
"85","52.5","Phase 2: public access","Productivity & office","Zapier","239.88","Activepieces","MIT (core)","activepieces/activepieces","3","2","internet for most integrations","y","Visual automations; most connectors need internet services","3","5","3","2","3","https://zapier.com/pricing https://github.com/activepieces/activepieces"
"86","51.2","Phase 2: public access","Communication & business","Beehiiv","588","Ghost","MIT","ghost","2","1","SMTP (Mailgun); public URL","n","Publishing and paid newsletters polished; useless without public site and email delivery.","3","5","3","1","4","https://www.beehiiv.com/pricing https://github.com/TryGhost/Ghost"
"87","51.2","Phase 2: public access","Communication & business","Fathom Analytics","180","Umami","MIT","ghcr.io/umami-software/umami","2","1","public website to track","n","Clean privacy-friendly dashboard similar to Fathom; useless without a live site.","3","5","3","1","4","https://usefathom.com/pricing https://github.com/umami-software/umami"
"88","51.2","Later: complex","Home, finance & family","Monarch Money","99.99","Sure (Maybe Finance fork)","AGPL-3.0","ghcr.io/we-promise/sure","4","2","none (Plaid bank sync optional)","y","Net worth and investment dashboards; needs web, worker, Postgres, Redis; no free bank sync.","3","4","2","4","3","https://getfinny.app/blog/monarch-money-pricing-2026 https://github.com/we-promise/sure"
"89","51.2","Backlog","Home, finance & family","Quicken Simplifi","47.88","Firefly III","AGPL-3.0","fireflyiii/core","2","1","none (bank import via separate importer)","y","Powerful but accounting-style; no automatic bank sync. Paid price is first-year promo, renews $71.88.","3","3","3","4","2","https://getfinny.app/blog/quicken-simplifi-pricing-2026 https://github.com/firefly-iii/docker"
"90","50.0","Phase 2: public access","Communication & business","Eventbrite","0","Pretix","Apache-2.0","pretix/standalone","1","1","payment gateway; SMTP; public URL","n","Ticketing and check-in; no fixed fee (Eventbrite charges per ticket), setup is technical.","4","1","4","2","3","https://www.eventbrite.com/organizer/pricing/ https://github.com/pretix/pretix"
"91","50.0","Later: complex","Creative & media","Loom","180","Cap","AGPL-3.0","ghcr.io/capsoftware/cap-web","4","2","desktop recorder app","y","Screen recording plus share links; technical setup (MySQL, MinIO, media server), desktop recorder needed.","3","5","2","3","3","https://trainn.co/blog/loom-pricing/ https://github.com/CapSoftware/Cap https://raw.githubusercontent.com/CapSoftware/Cap/main/docker-compose.yml"
"92","48.8","Later: complex","Home, finance & family","MyFitnessPal Premium","79.99","wger","AGPL-3.0","wger/server","6","2","Open Food Facts for food lookups","y","Workout and nutrition tracker; 6 containers; food lookup needs internet, barcode scanning weak.","5","3","2","3","2","https://recurdash.com/subscription-pricing/myfitnesspal https://github.com/wger-project/docker"
"93","47.5","Phase 2: public access","Communication & business","Hootsuite","1188","Mixpost Lite","MIT","inovector/mixpost","3","1","Internet; social network API keys","n","Schedule posts to social networks; simple calendar, needs API app setup per network.","3","5","3","1","3","https://www.hootsuite.com/plans https://github.com/inovector/mixpost"
"94","46.2","Later: complex","Creative & media","Vimeo","144","PeerTube","AGPL-3.0","chocobozzz/peertube","5","2","none (needs hostname set)","y","SWAPPED from Adobe Premiere Pro: no web video editor exists; video hosting instead. Hostname setup fiddly.","2","4","2","4","3","https://www.uscreen.tv/?p=70130 https://github.com/Chocobozzz/PeerTube https://raw.githubusercontent.com/Chocobozzz/PeerTube/develop/support/docker/production/docker-compose.yml https://hub.docker.com/r/chocobozzz/peertube"
"95","45.0","Backlog","Productivity & office","Raindrop.io Pro","28","Linkwarden","AGPL-3.0","ghcr.io/linkwarden/linkwarden","3","2","internet to archive pages","y","Bookmark collections with page archiving; Postgres and Meilisearch needed","2","2","3","3","4","https://raindrop.io/pro/buy https://raw.githubusercontent.com/linkwarden/linkwarden/main/docker-compose.yml"
"96","43.8","Phase 2: public access","Communication & business","Bitly","120","YOURLS","MIT","yourls","2","0.5","public domain for short links","n","Link shortener with stats; plain admin UI, pointless without a public URL.","3","4","3","1","3","https://bitly.com/pages/pricing https://github.com/YOURLS/YOURLS"
"97","43.8","Phase 2: public access","Productivity & office","Calendly","144","Cal.diy (Cal.com community fork)","MIT","calcom/cal.diy","2","2","SMTP; public URL; calendar sync","n","Booking links useless without public internet access; email needed","3","4","4","1","1","https://calendly.com/pricing https://github.com/calcom/cal.com"
"98","43.8","Phase 2: public access","Communication & business","Intercom","348","Chatwoot","MIT","chatwoot/chatwoot","4","4","public URL for site widget; SMTP","n","Live chat widget and inbox; polished but pointless without a public website.","3","5","2","1","4","https://www.intercom.com/pricing https://github.com/chatwoot/chatwoot"
"99","41.2","Later: complex","Productivity & office","Typeform","300","Formbricks","AGPL-3.0 (core)","ghcr.io/formbricks/formbricks","8","4","SMTP (optional); public URL for outside respondents","y","Modern survey forms; compose has many services (postgres, valkey, spicedb, hub, cube)","2","5","1","3","4","https://www.typeform.com/pricing https://github.com/formbricks/formbricks/blob/main/docker/docker-compose.yml"
"100","37.5","Phase 2: public access","Communication & business","Buffer","60","Postiz","AGPL-3.0","ghcr.io/gitroomhq/postiz-app","6","4","Internet; social network API keys","n","Modern scheduler like Buffer; needs Temporal plus several services, fiddly social API setup.","4","3","2","1","3","https://buffer.com/pricing https://github.com/gitroomhq/postiz-app"
